{"stats":{"minecraft:custom":{"minecraft:jump":49,"minecraft:time_since_rest":350,"minecraft:deaths":1,"minecraft:crouch_one_cm":1138,"minecraft:sprint_one_cm":4983,"minecraft:leave_game":2,"minecraft:play_time":3094,"minecraft:damage_taken":320,"minecraft:time_since_death":322,"minecraft:walk_one_cm":4160,"minecraft:sneak_time":166,"minecraft:total_world_time":3094,"minecraft:fall_one_cm":6221,"minecraft:fly_one_cm":5327},"minecraft:picked_up":{"minecraft:birch_log":3},"minecraft:used":{"minecraft:birch_log":3},"minecraft:mined":{"minecraft:birch_log":3,"minecraft:birch_leaves":6,"minecraft:oak_leaves":6}},"DataVersion":3465}