{"stats":{"minecraft:used":{"minecraft:water_bucket":11,"minecraft:diorite":11,"minecraft:stone_pickaxe":87,"minecraft:wooden_pickaxe":10,"minecraft:shield":7,"minecraft:sandstone":6,"minecraft:iron_sword":25,"minecraft:oak_leaves":1,"minecraft:iron_chestplate":1,"minecraft:torch":67,"minecraft:dirt":8,"minecraft:crafting_table":9,"minecraft:tuff":25,"minecraft:obsidian":15,"minecraft:diamond_pickaxe":85,"minecraft:grass_block":49,"minecraft:iron_pickaxe":365,"minecraft:iron_helmet":1,"minecraft:iron_boots":1,"minecraft:stone_axe":87,"minecraft:cobblestone":109,"minecraft:furnace":2,"minecraft:bucket":12,"minecraft:birch_log":3,"minecraft:cherry_log":1,"minecraft:cooked_beef":7,"minecraft:cobbled_deepslate":9,"minecraft:iron_leggings":1},"minecraft:crafted":{"minecraft:cooked_beef":9,"minecraft:oak_planks":68,"minecraft:crafting_table":4,"minecraft:wooden_pickaxe":1,"minecraft:iron_helmet":1,"minecraft:iron_sword":1,"minecraft:furnace":1,"minecraft:bucket":2,"minecraft:stone_axe":1,"minecraft:air":0,"minecraft:flint_and_steel":1,"minecraft:diamond_pickaxe":1,"minecraft:iron_boots":1,"minecraft:iron_chestplate":1,"minecraft:shield":1,"minecraft:stick":16,"minecraft:iron_ingot":5,"minecraft:iron_pickaxe":2,"minecraft:stone_pickaxe":2,"minecraft:iron_leggings":1,"minecraft:torch":12},"minecraft:mined":{"minecraft:deepslate_redstone_ore":25,"minecraft:tuff":35,"minecraft:deepslate_diamond_ore":6,"minecraft:obsidian":34,"minecraft:glow_lichen":1,"minecraft:crafting_table":6,"minecraft:torch":6,"minecraft:granite":14,"minecraft:grass_block":3,"minecraft:copper_ore":4,"minecraft:cobblestone":4,"minecraft:deepslate_gold_ore":14,"minecraft:diorite":11,"minecraft:sandstone":2,"minecraft:wall_torch":7,"minecraft:furnace":2,"minecraft:birch_log":3,"minecraft:iron_ore":11,"minecraft:andesite":10,"minecraft:birch_leaves":7,"minecraft:peony":3,"minecraft:grass":4,"minecraft:oak_log":28,"minecraft:coal_ore":92,"minecraft:deepslate_iron_ore":24,"minecraft:gravel":19,"minecraft:dirt":5,"minecraft:stone":149,"minecraft:oak_leaves":14,"minecraft:deepslate":98},"minecraft:broken":{"minecraft:iron_pickaxe":1},"minecraft:picked_up":{"minecraft:birch_log":3,"minecraft:crafting_table":7,"minecraft:water_bucket":1,"minecraft:andesite":10,"minecraft:leather":7,"minecraft:flint":3,"minecraft:tuff":25,"minecraft:oak_log":28,"minecraft:dirt":10,"minecraft:raw_copper":13,"minecraft:cobbled_deepslate":96,"minecraft:raw_gold":14,"minecraft:iron_ingot":1,"minecraft:beef":16,"minecraft:light_gray_wool":1,"minecraft:oak_planks":35,"minecraft:furnace":2,"minecraft:stick":4,"minecraft:raw_iron":28,"minecraft:sandstone":2,"minecraft:torch":15,"minecraft:gravel":8,"minecraft:porkchop":21,"minecraft:diorite":11,"minecraft:redstone":62,"minecraft:arrow":1,"minecraft:diamond":6,"minecraft:peony":4,"minecraft:granite":14,"minecraft:obsidian":33,"minecraft:oak_sapling":2,"minecraft:black_wool":1,"minecraft:mutton":9,"minecraft:coal":89,"minecraft:white_wool":4,"minecraft:cobblestone":153},"minecraft:dropped":{"minecraft:gravel":8,"minecraft:iron_ingot":1,"minecraft:stone_axe":1,"minecraft:cherry_log":1,"minecraft:crafting_table":2,"minecraft:cobblestone":4,"minecraft:light_gray_wool":1,"minecraft:oak_planks":35,"minecraft:granite":14,"minecraft:stick":2,"minecraft:dirt":2,"minecraft:peony":4,"minecraft:torch":16,"minecraft:oak_sapling":2,"minecraft:sandstone":2,"minecraft:arrow":1,"minecraft:stone_pickaxe":1,"minecraft:oak_leaves":1},"minecraft:killed":{"minecraft:pig":11,"minecraft:skeleton":3,"minecraft:sheep":6,"minecraft:zombie":3,"minecraft:cow":7},"minecraft:custom":{"minecraft:interact_with_furnace":12,"minecraft:mob_kills":30,"minecraft:interact_with_crafting_table":21,"minecraft:leave_game":6,"minecraft:time_since_death":82884,"minecraft:time_since_rest":82912,"minecraft:sprint_one_cm":72541,"minecraft:damage_taken":879,"minecraft:walk_one_cm":122776,"minecraft:damage_blocked_by_shield":300,"minecraft:trigger_trapped_chest":1,"minecraft:drop":39,"minecraft:damage_dealt":3670,"minecraft:swim_one_cm":6738,"minecraft:fly_one_cm":376554,"minecraft:crouch_one_cm":20943,"minecraft:play_time":85656,"minecraft:deaths":1,"minecraft:sneak_time":14719,"minecraft:walk_under_water_one_cm":13894,"minecraft:jump":1077,"minecraft:walk_on_water_one_cm":21430,"minecraft:total_world_time":85656,"minecraft:fall_one_cm":21365}},"DataVersion":3465}