{"stats":{"minecraft:dropped":{"minecraft:dirt":2,"minecraft:torch":3,"minecraft:stone_pickaxe":1},"minecraft:used":{"minecraft:stone_pickaxe":79,"minecraft:wooden_pickaxe":10,"minecraft:torch":1,"minecraft:stone_axe":36,"minecraft:cobblestone":18,"minecraft:crafting_table":5,"minecraft:furnace":1,"minecraft:birch_log":3,"minecraft:cooked_beef":2},"minecraft:mined":{"minecraft:iron_ore":2,"minecraft:birch_log":3,"minecraft:birch_leaves":7,"minecraft:crafting_table":4,"minecraft:granite":14,"minecraft:oak_log":28,"minecraft:grass_block":2,"minecraft:coal_ore":19,"minecraft:dirt":3,"minecraft:copper_ore":4,"minecraft:cobblestone":1,"minecraft:stone":46,"minecraft:diorite":1,"minecraft:oak_leaves":13},"minecraft:killed":{"minecraft:cow":3},"minecraft:crafted":{"minecraft:cooked_beef":5,"minecraft:oak_planks":68,"minecraft:shield":1,"minecraft:crafting_table":1,"minecraft:stick":8,"minecraft:iron_ingot":2,"minecraft:wooden_pickaxe":1,"minecraft:stone_pickaxe":2,"minecraft:furnace":1,"minecraft:torch":12,"minecraft:stone_axe":1,"minecraft:air":0},"minecraft:picked_up":{"minecraft:birch_log":3,"minecraft:raw_iron":2,"minecraft:stick":3,"minecraft:crafting_table":4,"minecraft:leather":2,"minecraft:oak_log":28,"minecraft:diorite":1,"minecraft:dirt":7,"minecraft:raw_copper":13,"minecraft:granite":14,"minecraft:beef":9,"minecraft:oak_sapling":2,"minecraft:coal":19,"minecraft:cobblestone":46},"minecraft:custom":{"minecraft:time_since_rest":15704,"minecraft:interact_with_furnace":7,"minecraft:sprint_one_cm":27986,"minecraft:damage_taken":440,"minecraft:walk_one_cm":23260,"minecraft:mob_kills":3,"minecraft:drop":6,"minecraft:damage_dealt":480,"minecraft:swim_one_cm":3061,"minecraft:interact_with_crafting_table":8,"minecraft:fly_one_cm":37450,"minecraft:crouch_one_cm":3287,"minecraft:play_time":18448,"minecraft:deaths":1,"minecraft:sneak_time":1155,"minecraft:walk_under_water_one_cm":2441,"minecraft:jump":258,"minecraft:leave_game":3,"minecraft:walk_on_water_one_cm":1132,"minecraft:time_since_death":15676,"minecraft:total_world_time":18448,"minecraft:fall_one_cm":12574}},"DataVersion":3465}