{"stats":{"minecraft:used":{"minecraft:diorite":11,"minecraft:stone_pickaxe":87,"minecraft:wooden_pickaxe":10,"minecraft:shield":1,"minecraft:sandstone":6,"minecraft:oak_leaves":1,"minecraft:torch":10,"minecraft:dirt":8,"minecraft:crafting_table":6,"minecraft:tuff":25,"minecraft:grass_block":49,"minecraft:iron_pickaxe":155,"minecraft:stone_axe":59,"minecraft:cobblestone":64,"minecraft:furnace":2,"minecraft:birch_log":3,"minecraft:cooked_beef":5,"minecraft:cobbled_deepslate":9,"minecraft:cherry_log":1},"minecraft:crafted":{"minecraft:cooked_beef":9,"minecraft:oak_planks":68,"minecraft:crafting_table":1,"minecraft:wooden_pickaxe":1,"minecraft:furnace":1,"minecraft:stone_axe":1,"minecraft:air":0,"minecraft:shield":1,"minecraft:stick":12,"minecraft:iron_ingot":5,"minecraft:iron_pickaxe":1,"minecraft:stone_pickaxe":2,"minecraft:torch":12},"minecraft:mined":{"minecraft:tuff":25,"minecraft:crafting_table":5,"minecraft:torch":5,"minecraft:granite":14,"minecraft:grass_block":2,"minecraft:copper_ore":4,"minecraft:cobblestone":1,"minecraft:diorite":11,"minecraft:sandstone":2,"minecraft:wall_torch":2,"minecraft:furnace":2,"minecraft:birch_log":3,"minecraft:iron_ore":11,"minecraft:andesite":4,"minecraft:birch_leaves":7,"minecraft:grass":3,"minecraft:oak_log":28,"minecraft:coal_ore":64,"minecraft:gravel":4,"minecraft:dirt":3,"minecraft:stone":98,"minecraft:oak_leaves":13,"minecraft:deepslate":9},"minecraft:picked_up":{"minecraft:birch_log":3,"minecraft:crafting_table":5,"minecraft:andesite":4,"minecraft:leather":7,"minecraft:tuff":25,"minecraft:oak_log":28,"minecraft:dirt":7,"minecraft:raw_copper":13,"minecraft:cobbled_deepslate":9,"minecraft:beef":16,"minecraft:light_gray_wool":1,"minecraft:furnace":2,"minecraft:stick":3,"minecraft:raw_iron":11,"minecraft:sandstone":2,"minecraft:torch":7,"minecraft:gravel":4,"minecraft:porkchop":7,"minecraft:diorite":11,"minecraft:arrow":1,"minecraft:granite":14,"minecraft:oak_sapling":2,"minecraft:coal":61,"minecraft:mutton":3,"minecraft:white_wool":1,"minecraft:cobblestone":99},"minecraft:dropped":{"minecraft:cherry_log":1,"minecraft:dirt":2,"minecraft:torch":16,"minecraft:arrow":1,"minecraft:stone_pickaxe":1,"minecraft:oak_leaves":1},"minecraft:killed":{"minecraft:pig":4,"minecraft:sheep":2,"minecraft:cow":7},"minecraft:custom":{"minecraft:interact_with_furnace":12,"minecraft:mob_kills":13,"minecraft:interact_with_crafting_table":11,"minecraft:leave_game":5,"minecraft:time_since_death":47418,"minecraft:time_since_rest":47446,"minecraft:sprint_one_cm":49219,"minecraft:damage_taken":775,"minecraft:walk_one_cm":53444,"minecraft:damage_blocked_by_shield":25,"minecraft:trigger_trapped_chest":1,"minecraft:drop":20,"minecraft:damage_dealt":1470,"minecraft:swim_one_cm":4213,"minecraft:fly_one_cm":345321,"minecraft:crouch_one_cm":10524,"minecraft:play_time":50190,"minecraft:deaths":1,"minecraft:sneak_time":4070,"minecraft:walk_under_water_one_cm":9173,"minecraft:jump":636,"minecraft:walk_on_water_one_cm":5026,"minecraft:total_world_time":50190,"minecraft:fall_one_cm":16309}},"DataVersion":3465}