{"stats":{"minecraft:used":{"minecraft:diorite":11,"minecraft:stone_pickaxe":87,"minecraft:wooden_pickaxe":10,"minecraft:shield":5,"minecraft:sandstone":6,"minecraft:iron_sword":8,"minecraft:iron_chestplate":1,"minecraft:oak_leaves":1,"minecraft:torch":41,"minecraft:dirt":8,"minecraft:crafting_table":8,"minecraft:tuff":25,"minecraft:grass_block":49,"minecraft:iron_pickaxe":340,"minecraft:iron_helmet":1,"minecraft:iron_boots":1,"minecraft:stone_axe":87,"minecraft:cobblestone":74,"minecraft:furnace":2,"minecraft:birch_log":3,"minecraft:cooked_beef":7,"minecraft:cobbled_deepslate":9,"minecraft:cherry_log":1,"minecraft:iron_leggings":1},"minecraft:crafted":{"minecraft:cooked_beef":9,"minecraft:oak_planks":68,"minecraft:crafting_table":3,"minecraft:wooden_pickaxe":1,"minecraft:iron_helmet":1,"minecraft:iron_sword":1,"minecraft:furnace":1,"minecraft:stone_axe":1,"minecraft:air":0,"minecraft:iron_chestplate":1,"minecraft:iron_boots":1,"minecraft:shield":1,"minecraft:stick":16,"minecraft:iron_ingot":5,"minecraft:iron_pickaxe":2,"minecraft:stone_pickaxe":2,"minecraft:iron_leggings":1,"minecraft:torch":12},"minecraft:mined":{"minecraft:deepslate_redstone_ore":7,"minecraft:tuff":25,"minecraft:deepslate_diamond_ore":5,"minecraft:crafting_table":6,"minecraft:torch":5,"minecraft:granite":14,"minecraft:grass_block":3,"minecraft:copper_ore":4,"minecraft:cobblestone":3,"minecraft:deepslate_gold_ore":7,"minecraft:diorite":11,"minecraft:sandstone":2,"minecraft:wall_torch":3,"minecraft:furnace":2,"minecraft:birch_log":3,"minecraft:iron_ore":11,"minecraft:andesite":10,"minecraft:birch_leaves":7,"minecraft:peony":3,"minecraft:grass":4,"minecraft:oak_log":28,"minecraft:coal_ore":92,"minecraft:deepslate_iron_ore":8,"minecraft:gravel":4,"minecraft:dirt":5,"minecraft:stone":149,"minecraft:oak_leaves":14,"minecraft:deepslate":77},"minecraft:broken":{"minecraft:iron_pickaxe":1},"minecraft:picked_up":{"minecraft:birch_log":3,"minecraft:crafting_table":7,"minecraft:andesite":10,"minecraft:leather":7,"minecraft:tuff":25,"minecraft:oak_log":28,"minecraft:dirt":10,"minecraft:raw_copper":13,"minecraft:cobbled_deepslate":73,"minecraft:raw_gold":7,"minecraft:iron_ingot":1,"minecraft:beef":16,"minecraft:light_gray_wool":1,"minecraft:furnace":2,"minecraft:stick":3,"minecraft:raw_iron":19,"minecraft:sandstone":2,"minecraft:torch":8,"minecraft:gravel":4,"minecraft:porkchop":21,"minecraft:diorite":11,"minecraft:redstone":34,"minecraft:arrow":1,"minecraft:diamond":5,"minecraft:peony":2,"minecraft:granite":14,"minecraft:black_wool":1,"minecraft:oak_sapling":2,"minecraft:coal":89,"minecraft:mutton":9,"minecraft:white_wool":4,"minecraft:cobblestone":152},"minecraft:dropped":{"minecraft:iron_ingot":1,"minecraft:cherry_log":1,"minecraft:crafting_table":2,"minecraft:light_gray_wool":1,"minecraft:dirt":2,"minecraft:torch":16,"minecraft:oak_sapling":2,"minecraft:arrow":1,"minecraft:stone_pickaxe":1,"minecraft:oak_leaves":1},"minecraft:killed":{"minecraft:pig":11,"minecraft:skeleton":1,"minecraft:sheep":6,"minecraft:zombie":1,"minecraft:cow":7},"minecraft:custom":{"minecraft:interact_with_furnace":12,"minecraft:mob_kills":26,"minecraft:interact_with_crafting_table":18,"minecraft:leave_game":6,"minecraft:time_since_death":60156,"minecraft:time_since_rest":60184,"minecraft:sprint_one_cm":66894,"minecraft:damage_taken":815,"minecraft:walk_one_cm":78949,"minecraft:damage_blocked_by_shield":170,"minecraft:trigger_trapped_chest":1,"minecraft:drop":25,"minecraft:damage_dealt":2889,"minecraft:swim_one_cm":6738,"minecraft:fly_one_cm":371498,"minecraft:crouch_one_cm":12694,"minecraft:play_time":62928,"minecraft:deaths":1,"minecraft:sneak_time":5698,"minecraft:walk_under_water_one_cm":9646,"minecraft:jump":836,"minecraft:walk_on_water_one_cm":5512,"minecraft:total_world_time":62928,"minecraft:fall_one_cm":19500}},"DataVersion":3465}